?Elite4Guetta?",~

lookmanohands,+

Elite Four Yousef,%

BlakJak,~

Destructionator,@

killer tiger,@

Shadow Gara,@
Metallica,+

yo rolo,%

Colresscience,%

▒^ªBoredy▒^ª,+

Gym Ldr Rodvolt?,+

Quality,%

Figufgyu,+

Prof. Le▒^▒^▒f,@

knifeparty0204,+
Ayush,%

Elite Four mario!,%

ej drago,@

Dark Hound,+
wooperex,%

How About Mono,~

Champion Corper,+

Swackback,%

▒^▒^▒Champion arani▒^▒^▒,+

wingg,+

Plox,+
Desokoro,%

Elite Four Devy,%

Grumpig The Piggy,%

Alakazam's Café,+

coolsmooth,%

BooFTW,&

BlackEclispe,+

arshmalikrs,~

Champion Yognas,+

Absol~Jackk,+

Frontierhead?Noah,+

BurntLikeBlaziken,+

Pangoro~Jackk,+
▒^٥Eternal▒^▒^▒Chaos▒^▒^▒42▒^٥,@

GymLeaderTyDestr▒^ªy,%
SilverTactic,%
champion zard,+

proffesorzard,@
▒^٣ Master Blazing ▒^٠,%

The Immortal,@

GymLeaderTyph▒^ª,@

▒^▒^▒ChampVolt▒^▒^▒,+

feebassweepes,+

Arcanine7,+
ZeroToxic,&

▒^▒E4 Espie▒^▒,&

Elite4BlakJack,~

Elite4Zero,%

RyokoEarth,+

Ch?mpion Yousef?,+

Cosmic nova,+

Gym Leader Veron,%

Gym Leader CGR,%

Gym Leader Ryo,%
Gym Leader Winx,%

Queen EJade,+

▒^³ elite 4 kswiss ▒^³,+

Gym Ldr. Yognas,%

Gym Leader Savvyy,%

Gym Leader Frostie,%

Gym Leader Mamo,%

E4 Arsh,~

Gym Leader Xero,%

▒^ªGym▒^٥Leader▒^٥Lucy▒^ª,%

▒^ªGym Leader Qoak▒^ª,%
Arsh Malik,~
Frontier Grace,@
Gym Leader AltireX,%
SavyySuicide,@
▒^٥Frontier▒^▒^▒ Ascher,+
Demon Queen Alice,@
Gym Leader HaxRus,+
Frontier Zeron,@
▒^ªGym Ldr.Surfing▒^ª,%
Gym Leader Azurill,%
E4 Shadow,+
Frontierhead?Bart,+
ArshM,~
novicus,+
e4suefer,+
AChamp-Aero,&
calvinz,%
Gym Leader SnowMan,@
E4 Sooper,&
Frontier? Vader,%
King Arani,@
Gym Leader Seras,%
Gym Ldr. Tobis,%
Gym Ldr Midgeot,%
▒^ªGym Ldr Ben▒^ª,%
Validus Wonder,%
E4 Boo - Away,&
Jackdaw ,~
e4 Jackdaw ,~
YChampLLD,+
Gym Ldr Paul,%
EliteSixDarkness,+
EJade,+
Michiko,+
e4 ncrypt ,~
Gym ldr. Poisonhax,%
Gym Ldr. Sylveon,%
FreshDead Astre,+
Siiilver,~
Quinella,+
Frontier Kyogre - Away,+
Eleese,+
▒^▒^▒E7Rockie▒^▒^▒,@
E4 Kdrew?,+
AChamp-Darkoath,+
Lord Arani,+
Gym Leader Jittery,%
groan,@
Kurouto,~
KTN Janıtor,@
Giann,+
AkashPaul,@
Frontier Akash,@
AstreSays.,+
VoltAbsorb,+
Merzi,+
Aura Burst▒^Ģ ?,%
EnerG218,%
Gym Ldr Matt99?,+
OffDaCheney,+
Champion OnyxE?,+
typhoid,+
E4Rockie?,+
Mannan,~
Surfers Unite,@
Overseer Pearl,+
▒^١Electronic Angel▒^١,%
BrittleWind,+
Absol-Solution,+
lisahere,+
Ace Trainer Stark,@
Diggersbyandgoodra,+
Wobbuffet's Café,%
Gym Ldr Wade,+
Artist Zero,&
lab8 moth,%
Spectro GL Fist,@
gymldrseanwater,+
WHO'S STEIN,@
Fleader Blaze,+
E4 Surfer,@
Franken ▒^▒tein - Away,&
Ryuuga,@
Leader Nine,@
DarkJak,&
Dis,+
Asuna :D,+
Ask Astre,%
UCN ~ BB2,%
GhostWarriorArjunb,+
Ask Asuna,+
JakeIsZ,+
Making Magic,+
Gym Leader Yettiq,+
Matthews,%
Smooth Moves,&
ShiraYuri,@
byd,+
ShruiTheH@X0R,+
dyb - away,@
JPaknolan,@
Zeppy,%
▒^٥E4▒^٥Frostie▒^٥,+
▒^▒^▒Outer Scîence▒^▒^▒,+
A Fluffy Flaaffy,+
Mightyéna,+
Frøntier MineTurtl,%
Queen Spheal,+
Soope,~
Gym TRNR Matt99?,+
▒^▒^▒Leaf-Pokéstyles▒^▒^▒,+
P▒^▒^▒ofesso▒^▒^▒ Stun,+
Champiøn Eclipse,+
Mac,%
McDonalds,%
Astre Legit,&
Overseer Diamond,+
▒^▒^▒Champiön Nöah▒^▒^▒,+
e4 jeratt,+
Rishi Singh,+
Skarr,~
<--- REAL FRANK,@
Psychics Unite,@
Sorarani,@
Sooper Mario,&
▒^▒scension,~
Surfers Unite - Away - Away,@
VLeader LavXen,+
Sound of Freedom,@
akno,@
High Ranger Surfer,@
DontHateAppreciate,+
Gym Leade▒^▒^▒ Raven,+
PrincessHigh,+
Elite Fou® Lily R.,+
Elite Fou® Kaiser,+
Madea,&
Aerys,+
dyb,@
▒^▒yb,@
Blazing2000,+
DarknessReigns,+
finncepti0n,+
TheAuraCat,+
Caster No 7,+
Celsus,+
Everace,+
E4 Revernace,+
Leade® Darny,+
E4 EN Zarif,@
Trainer Devy,&
Barida,+
Sleeping BlakJack,~
Cranestruction,&
Sleeping Photon,&
Wintersky,+
XvRecklessXv,+
A▒^▒נunв,%
Spectro E4 Fist,%
iFaZe,+
iGaZe,+
The God of Greek,+
Kagami Taiga23,+
Xeano,+
Auburn,+
Frontie▒^▒^▒ Demon,+
DarkJak's Son,+
Typhozzz's Son,+
E4 mac,+
U-Turn Out,@
AElite-Scourage,+
Franken ?tein,~
xXHoodedXx,+
SpoonFullOfMeat,+
freezelas,%
2#Champ Katsuyo,%
Ultimo Dragon,%
Eevee's Party,%
ChickensCluck,%
Omega Hunter,&
Frontier▒^▒^▒ Oshy,+
sean33,%
Stillness,@
Gryph,%
charmander3123,+
CyberSouls,@
Chaos Hero Silver,+
Protean Landorus-T,+
boo118 - Away,&
AElite AltireX,@
Brunoo,+
Asuna Yuki,+
Aknolan,&
E4 Aknolan,&
AChamp-Carni,+
▒^▒^▒ioηe▒^▒^▒ м▒^▒▒^▒▒^▒ι,%
boo118,&
nCrypt,~
ChaosLazer,@
E6 mac,@
E4 Aknolan - Away,&
EN Zarif - Away,&
Thunders,@
ALeader~Clumzzy!,+
A Mareep,+
LavenderXen,+
A Flaaffy,%
10Messi,%
Indeterminability,%
ChampRed1,+
▒^▒^▒Sora Yousef▒^▒^▒,@
Hannnc,@
CatGirlsRock,+
Kristofyr,%
BlakJack - Away,~
Arjunb,@
abhay nair,+
Gururaj,+
KTN yousef - Away,@
i dont even know anymore,&
Zαrif,@
SooperPooper,~
BlakJack,~
Checkm8t,%
zerothealpaca,+
ALeader AltireX,@
TheOne2500,+
macrarazy,%
Gordon Frohman,%
007bond,~
UnovaChampionN,~
Aananth,%
TridentSmash!,+
FarNeo 2,+
WildWolve57,+
Tacos&Flowers,+
